id,title,image,description,create_date,post_date,modify_date
1,#001,i001,#001,2007-01-01 06:00:00,2012-11-15 06:00:00,2012-11-15 06:00:00
2,#002,i002,#002,2008-01-01 06:00:00,2012-11-15 06:00:00,2012-11-15 06:00:00
3,#003,i003,#003,2008-01-01 06:00:00,2012-11-15 06:00:00,2012-11-15 06:00:00
4,#004,i004,#004,2008-01-01 06:00:00,2012-11-15 06:00:00,2012-11-15 06:00:00
5,#010,i010,#010,2009-09-01 06:00:00,2012-11-15 06:00:00,2012-11-15 06:00:00
6,#011,i011,#011,2009-09-01 06:00:00,2012-11-15 06:00:00,2012-11-15 06:00:00
7,#012,i012,#012,2009-09-01 06:00:00,2012-11-15 06:00:00,2012-11-15 06:00:00
8,#013,i013,#013,2009-10-01 06:00:00,2012-11-15 06:00:00,2012-11-15 06:00:00
9,#1014,i1014,#1014,2010-01-01 06:00:00,2012-11-15 06:00:00,2012-11-15 06:00:00
10,#1013,i1013,#1013,2010-01-01 06:00:00,2012-11-15 06:00:00,2012-11-15 06:00:00
11,#1012,i1012,#1012,2010-01-01 06:00:00,2012-11-15 06:00:00,2012-11-15 06:00:00
12,#1010,i1010,#1010,2010-01-01 06:00:00,2012-11-15 06:00:00,2012-11-15 06:00:00
13,#1006,i1006,#1006,2010-09-01 06:00:00,2012-11-15 06:00:00,2012-11-15 06:00:00
14,#1000,i1000,#1000,2010-04-01 06:00:00,2012-11-15 06:00:00,2012-11-15 06:00:00
15,#1001,i1001,#1001,2010-07-01 06:00:00,2012-11-15 06:00:00,2012-11-15 06:00:00
16,#1002,i1002,#1002,2010-07-01 06:00:00,2012-11-15 06:00:00,2012-11-15 06:00:00
17,#1003,i1003,#1003,2010-09-01 06:00:00,2012-11-15 06:00:00,2012-11-15 06:00:00
18,Char,char,Char,2010-08-01 06:00:00,2012-11-15 06:00:00,2012-11-15 06:00:00
19,Nihil,nihil,Nihil,2010-10-22 06:00:00,2012-11-15 06:00:00,2012-11-15 06:00:00
20,Friends only,friends_only,Friends only,2010-10-22 06:00:00,2012-11-15 06:00:00,2012-11-15 06:00:00
21,Finis,finis,Finis,2010-12-17 06:00:00,2012-11-15 06:00:00,2012-11-15 06:00:00
22,#1004,i1004,#1004,2010-09-01 06:00:00,2012-11-15 06:00:00,2012-11-15 06:00:00
23,#1005,i1005,#1005,2010-09-01 06:00:00,2012-11-15 06:00:00,2012-11-15 06:00:00
24,#1007,i1007,#1007,2010-11-01 06:00:00,2012-11-15 06:00:00,2012-11-15 06:00:00
25,#1008,i1008,#1008,2010-11-01 06:00:00,2012-11-15 06:00:00,2012-11-15 06:00:00
26,ThornsFlesh2,thornsflesh,ThornsFlesh,2011-07-05 06:00:00,2012-11-15 06:00:00,2012-11-15 06:00:00
27,Thorns,thorns,Thorns,2011-06-01 06:00:00,2012-11-15 06:00:00,2012-11-15 06:00:00
28,Heads,heads,Heads,2011-06-01 06:00:00,2012-11-15 06:00:00,2012-11-15 06:00:00
29,#1011,i1011,#1011,2011-01-01 06:00:00,2012-11-15 06:00:00,2012-11-15 06:00:00
30,Lillies,lillies,Lillies,2011-08-08 06:00:00,2012-11-15 06:00:00,2012-11-15 06:00:00
31,Skull,skull,Skull,2011-11-24 06:00:00,2012-11-15 06:00:00,2012-11-15 06:00:00
32,Mask,mask,Mask,2011-10-01 06:00:00,2012-11-15 06:00:00,2012-11-15 06:00:00
33,Zombie,zombie,Zombie,2011-10-10 06:00:00,2012-11-15 06:00:00,2012-11-15 06:00:00
34,Zombie II,zombie2,Zombie II,2011-10-01 06:00:00,2012-11-15 06:00:00,2012-11-15 06:00:00
35,Thorns 1211,thorns2711,Thorns 1211,2011-11-27 06:00:00,2012-11-15 06:00:00,2012-11-15 06:00:00
36,Observer,observer,Observer,2012-05-17 06:00:00,2012-11-15 06:00:00,2012-11-15 06:00:00
37,Yggdrasil,yggdrasil,Yggdrasil,2012-08-28 06:00:00,2012-11-15 06:00:00,2012-11-15 06:00:00
