id,tag,post_date,modify_date
1,corpsee,2012-11-15 06:00:00,2012-11-15 06:00:00
2,thorns,2012-11-15 06:00:00,2012-11-15 06:00:00
3,meat,2012-11-15 06:00:00,2012-11-15 06:00:00
4,vector,2012-11-15 06:00:00,2012-11-15 06:00:00
5,mask,2012-11-15 06:00:00,2012-11-15 06:00:00
6,skull,2012-11-15 06:00:00,2012-11-15 06:00:00
7,finis,2012-11-15 06:00:00,2012-11-15 06:00:00
8,observer,2012-11-15 06:00:00,2012-11-15 06:00:00
9,yggdrasil,2012-11-15 06:00:00,2012-11-15 06:00:00
10,nordic,2012-11-15 06:00:00,2012-11-15 06:00:00
